{"cameraMode":{"drawMode":0,"name":"Shaded","section":"Shading Mode"},"sceneLighting":false,"audioPlay":false,"sceneViewState":{"showFog":true,"showMaterialUpdate":false,"showSkybox":false,"showFlares":true,"showImageEffects":true,"showParticleSystems":true},"in2DMode":false,"pivot":{"x":0.18410897254943849,"y":-0.10600650310516358,"z":-0.046618103981018069},"rotation":{"x":0.41858071088790896,"y":0.02155892364680767,"z":-0.00994117558002472,"w":0.907869279384613},"size":11.816669464111329,"orthographic":false}