{"cameraMode":{"drawMode":0,"name":"Shaded","section":"Shading Mode"},"sceneLighting":false,"audioPlay":false,"sceneViewState":{"showFog":true,"showMaterialUpdate":false,"showSkybox":false,"showFlares":true,"showImageEffects":true,"showParticleSystems":true},"in2DMode":false,"pivot":{"x":0.49377870559692385,"y":0.0,"z":1.9308736324310303},"rotation":{"x":-0.2583625018596649,"y":0.23970115184783936,"z":-0.06634115427732468,"w":-0.9334833025932312},"size":40.010372161865237,"orthographic":false}