{"cameraMode":{"drawMode":0,"name":"Shaded","section":"Shading Mode"},"sceneLighting":false,"audioPlay":false,"sceneViewState":{"showFog":true,"showMaterialUpdate":false,"showSkybox":false,"showFlares":true,"showImageEffects":true,"showParticleSystems":true},"in2DMode":false,"pivot":{"x":0.004742622375488281,"y":-1.1807985305786133,"z":4.300000190734863},"rotation":{"x":-0.22867372632026673,"y":0.048992518335580829,"z":-0.011522156186401844,"w":-0.9722013473510742},"size":65.55677032470703,"orthographic":false}